Population (Millions of people),1980,1981,1982,1983,1984,1985,1986,1987,1988,1989,1990,1991,1992,1993,1994,1995,1996,1997,1998,1999,2000,2001,2002,2003,2004,2005,2006,2007,2008,2009,2010,2011,2012,2013,2014,2015,2016,2017,2018,2019,2020,2021,2022,2023,2024
,,,,,,,,,,,,,,,,,,,,,,,,,,,,,,,,,,,,,,,,,,,,,
Afghanistan,no data,no data,no data,no data,no data,no data,no data,no data,no data,no data,no data,no data,no data,no data,no data,no data,no data,no data,no data,no data,no data,21.229,22.203,23.116,24.019,24.861,25.631,26.617,27.294,28.004,28.803,29.709,30.697,31.732,32.758,33.736,34.656,35.53,36.02,36.51,37,37.514,38.028,38.543,39.057
Albania,2.672,2.726,2.784,2.844,2.904,2.965,3.023,3.084,3.142,3.228,3.287,3.267,3.247,3.227,3.208,3.188,3.168,3.148,3.129,3.109,3.089,3.06,3.051,3.04,3.027,3.011,2.993,2.97,2.947,2.928,2.913,2.905,2.9,2.895,2.889,2.881,2.876,2.876,2.874,2.87,2.865,2.861,2.856,2.851,2.847
Algeria,18.666,19.246,19.864,20.516,21.175,22.2,22.8,23.4,24.1,24.7,25.022,25.643,26.271,26.894,27.496,28.06,28.566,29.045,29.507,29.965,30.506,30.954,31.414,31.885,32.366,32.855,33.351,33.858,34.591,35.268,35.978,36.717,37.495,38.297,39.114,39.963,40.836,41.721,42.582,43.427,44.253,45.058,45.84,46.599,47.336
Angola,8.91,9.151,9.393,9.639,9.894,11.149,11.467,11.76,12.079,12.41,12.742,13.124,13.518,13.923,14.341,14.771,15.214,15.671,16.141,16.625,17.124,17.637,18.166,18.711,19.273,19.851,20.446,21.06,21.692,22.342,23.013,23.703,24.414,25.147,25.901,26.681,27.503,28.377,29.25,30.128,31.031,31.962,32.921,33.909,34.926
Antigua and Barbuda,0.068,0.068,0.067,0.066,0.065,0.064,0.063,0.062,0.061,0.06,0.06,0.061,0.062,0.063,0.065,0.067,0.068,0.07,0.072,0.074,0.076,0.077,0.078,0.079,0.079,0.08,0.081,0.082,0.083,0.084,0.085,0.086,0.086,0.087,0.088,0.089,0.09,0.091,0.092,0.093,0.094,0.095,0.096,0.097,0.098
Argentina,27.95,28.45,28.93,29.34,29.84,30.35,30.74,31.09,31.47,31.86,32.53,32.97,33.42,33.917,34.353,34.779,35.196,35.604,36.005,36.399,36.784,37.156,37.516,37.87,38.226,38.592,38.971,39.356,39.746,40.134,40.788,41.261,41.733,42.203,42.67,43.132,43.59,44.072,44.56,45.052,45.551,46.054,46.564,47.078,47.599
Armenia,no data,no data,no data,no data,no data,no data,no data,no data,no data,no data,3.51,3.51,3.45,3.37,3.29,3.22,3.17,3.14,3.11,3.09,3.08,3.06,3.05,3.04,3.03,3.01,3,2.99,2.98,2.97,2.966,2.968,2.97,2.98,2.985,2.99,2.991,2.991,2.991,2.991,2.992,2.992,2.992,2.992,2.993
Aruba,no data,no data,no data,no data,no data,no data,no data,no data,no data,no data,no data,no data,no data,no data,no data,0.08,0.083,0.086,0.088,0.09,0.091,0.092,0.092,0.093,0.095,0.098,0.099,0.1,0.101,0.102,0.102,0.103,0.105,0.106,0.108,0.109,0.11,0.111,0.111,0.112,0.112,0.112,0.113,0.113,0.113
Australia,14.802,15.039,15.289,15.484,15.677,15.901,16.139,16.395,16.687,16.937,17.17,17.379,17.557,17.719,17.893,18.12,18.33,18.51,18.706,18.919,19.141,19.386,19.605,19.827,20.046,20.312,20.628,21.016,21.476,21.866,22.172,22.522,22.928,23.298,23.64,23.985,24.39,24.775,25.168,25.568,25.974,26.386,26.805,27.23,27.662
Austria,7.54,7.556,7.565,7.543,7.544,7.549,7.557,7.567,7.576,7.594,7.645,7.711,7.799,7.883,7.929,7.948,7.959,7.968,7.977,7.992,8.012,8.042,8.082,8.118,8.169,8.225,8.268,8.295,8.322,8.341,8.361,8.389,8.426,8.477,8.544,8.63,8.74,8.815,8.885,8.95,9.012,9.069,9.122,9.171,9.217
Azerbaijan,no data,no data,no data,no data,no data,no data,no data,no data,no data,no data,no data,no data,7.459,7.487,7.597,7.644,7.726,7.8,7.877,7.953,8.033,8.114,8.191,8.269,8.349,8.447,8.553,8.666,8.78,8.922,8.998,9.111,9.235,9.357,9.477,9.593,9.706,9.822,9.94,10.059,10.18,10.302,10.426,10.551,10.677
"Bahamas, The",0.211,0.215,0.22,0.226,0.231,0.234,0.238,0.242,0.247,0.251,0.255,0.259,0.264,0.269,0.273,0.279,0.284,0.288,0.293,0.298,0.303,0.307,0.312,0.316,0.321,0.325,0.329,0.333,0.337,0.341,0.345,0.348,0.352,0.356,0.36,0.364,0.368,0.372,0.377,0.381,0.385,0.389,0.394,0.398,0.402
Bahrain,0.353,0.367,0.38,0.393,0.406,0.42,0.435,0.45,0.467,0.484,0.488,0.508,0.516,0.53,0.544,0.559,0.574,0.589,0.605,0.621,0.638,0.661,0.711,0.765,0.824,0.889,0.96,1.039,1.107,1.178,1.235,1.195,1.209,1.253,1.315,1.37,1.424,1.452,1.481,1.511,1.541,1.572,1.603,1.635,1.668
Bangladesh,82.498,84.764,87.061,89.4,91.804,94.288,96.852,99.477,102.133,104.779,107.386,109.935,112.431,114.898,117.369,119.87,122.401,124.945,127.479,129.967,132.383,134.73,137.006,139.186,141.235,143.135,144.869,146.457,147.97,149.503,151.125,152.862,154.695,156.595,158.217,159.857,161.513,163.187,164.877,166.586,168.312,170.056,171.817,173.598,175.396
Barbados,0.252,0.253,0.254,0.255,0.255,0.256,0.257,0.258,0.259,0.259,0.26,0.261,0.262,0.263,0.264,0.265,0.266,0.267,0.268,0.269,0.27,0.271,0.271,0.272,0.273,0.274,0.275,0.276,0.277,0.278,0.28,0.281,0.282,0.283,0.283,0.284,0.285,0.286,0.286,0.287,0.288,0.289,0.289,0.29,0.291
Belarus,no data,no data,no data,no data,no data,no data,no data,no data,no data,no data,10.19,10.195,10.217,10.24,10.228,10.177,10.142,10.093,10.045,10.019,9.99,9.957,9.9,9.831,9.763,9.697,9.63,9.579,9.542,9.514,9.5,9.481,9.465,9.464,9.468,9.481,9.498,9.505,9.457,9.41,9.363,9.316,9.27,9.223,9.177
Belgium,9.855,9.863,9.855,9.858,9.853,9.858,9.859,9.865,9.876,9.928,9.948,9.987,10.022,10.068,10.101,10.131,10.143,10.17,10.192,10.214,10.239,10.263,10.31,10.356,10.396,10.446,10.511,10.585,10.667,10.753,10.84,11.001,11.076,11.138,11.181,11.237,11.311,11.352,11.411,11.47,11.529,11.589,11.649,11.71,11.77
Belize,0.15,0.15,0.153,0.157,0.162,0.166,0.171,0.176,0.179,0.184,0.189,0.194,0.199,0.205,0.211,0.217,0.222,0.23,0.239,0.243,0.25,0.257,0.265,0.274,0.283,0.292,0.301,0.312,0.322,0.323,0.324,0.332,0.341,0.35,0.357,0.366,0.376,0.386,0.396,0.406,0.417,0.428,0.439,0.451,0.462
Benin,3.636,3.763,3.878,4.004,4.13,4.267,4.404,4.54,4.687,4.826,4.978,5.149,5.332,5.522,5.714,5.906,6.094,6.282,6.47,6.664,6.866,7.077,7.295,7.521,7.75,7.982,8.217,8.455,8.697,8.945,9.199,9.461,9.729,9.998,10.272,10.552,10.836,11.125,11.423,11.722,12.026,12.335,12.649,12.967,13.291
Bhutan,0.413,0.424,0.435,0.445,0.456,0.469,0.484,0.501,0.517,0.53,0.536,0.535,0.528,0.519,0.512,0.509,0.513,0.521,0.534,0.549,0.564,0.581,0.598,0.616,0.634,0.65,0.666,0.679,0.692,0.705,0.717,0.729,0.742,0.754,0.766,0.779,0.791,0.804,0.817,0.83,0.844,0.857,0.871,0.885,0.9
Bolivia,5.161,5.587,5.703,5.822,5.944,6.068,6.195,6.324,6.456,6.591,6.728,6.869,7.012,7.213,7.419,7.567,7.717,7.871,8.026,8.183,8.34,8.496,8.653,8.81,8.968,9.125,9.283,9.441,9.6,9.759,9.918,10.078,10.239,10.4,10.562,10.725,10.896,11.071,11.248,11.428,11.611,11.796,11.985,12.177,12.372
Bosnia and Herzegovina,no data,no data,no data,no data,no data,no data,no data,no data,no data,no data,no data,no data,no data,no data,no data,no data,3.78,3.752,3.75,3.759,3.767,3.771,3.776,3.779,3.781,3.782,3.779,3.774,3.764,3.747,3.722,3.689,3.648,3.605,3.566,3.536,3.517,3.507,3.504,3.502,3.498,3.492,3.484,3.475,3.466
Botswana,0.98,0.998,1.035,1.073,1.113,1.154,1.197,1.241,1.286,1.333,1.382,1.424,1.465,1.506,1.546,1.586,1.624,1.661,1.696,1.728,1.758,1.784,1.808,1.83,1.852,1.876,1.901,1.928,1.955,1.982,2.007,2.051,2.089,2.129,2.169,2.209,2.25,2.292,2.335,2.378,2.422,2.467,2.513,2.56,2.607
Brazil,118.563,121.213,123.885,126.573,129.273,131.978,134.653,137.268,139.819,142.307,146.593,149.094,151.547,153.986,156.431,158.875,163.538,166.104,168.693,171.256,173.766,176.209,178.499,180.708,182.865,184.991,187.062,189.038,191.01,192.981,194.891,196.604,198.315,200.004,201.718,203.476,205.157,206.805,208.325,209.791,211.203,212.561,213.862,215.108,216.298
Brunei Darussalam,no data,no data,no data,no data,no data,0.222,0.226,0.234,0.241,0.246,0.253,0.26,0.267,0.274,0.281,0.287,0.295,0.302,0.31,0.317,0.325,0.333,0.344,0.35,0.36,0.359,0.365,0.37,0.375,0.38,0.387,0.393,0.399,0.403,0.408,0.412,0.417,0.429,0.434,0.44,0.445,0.45,0.456,0.461,0.461
Bulgaria,8.808,8.834,8.859,8.881,8.897,8.903,8.901,8.889,8.865,8.826,8.771,8.697,8.607,8.507,8.407,8.312,8.225,8.162,8.105,8.067,8.15,7.891,7.846,7.801,7.761,7.719,7.679,7.64,7.607,7.564,7.505,7.327,7.285,7.246,7.202,7.154,7.102,7.05,7.01,6.97,6.93,6.889,6.847,6.806,6.765
Burkina Faso,6.823,6.985,7.158,7.341,7.531,7.728,7.931,8.14,8.356,8.58,8.811,9.05,9.297,9.552,9.817,10.09,10.373,10.666,10.969,11.283,11.608,11.945,12.293,12.655,13.031,13.422,13.829,14.252,14.69,15.141,15.605,16.082,16.571,17.073,17.586,18.111,18.646,19.193,19.46,19.996,20.542,21.099,21.666,22.243,22.83
Burundi,4.09,4.21,4.334,4.461,4.591,4.726,4.864,5.007,5.154,5.305,5.46,5.62,5.78,5.77,5.87,5.98,6.09,6.19,6.3,6.489,6.684,6.884,7.091,7.26,7.478,7.512,7.737,7.969,8.232,8.504,8.776,9.048,9.329,9.618,9.907,10.204,10.53,10.867,11.193,11.529,11.875,12.231,12.598,12.976,13.365
Cabo Verde,0.289,0.294,0.299,0.305,0.312,0.318,0.325,0.332,0.339,0.346,0.354,0.363,0.371,0.38,0.379,0.389,0.399,0.408,0.417,0.426,0.435,0.444,0.452,0.46,0.468,0.475,0.481,0.486,0.492,0.497,0.502,0.508,0.514,0.52,0.526,0.533,0.54,0.546,0.553,0.559,0.566,0.573,0.58,0.587,0.594
Cambodia,6.718,6.775,6.945,7.196,7.475,7.743,7.99,8.228,8.467,8.724,9.009,9.324,9.659,10.007,10.43,10.769,11.091,11.396,11.685,11.96,12.223,12.473,12.709,12.934,13.149,13.356,13.555,13.747,13.941,14.144,14.365,14.605,14.864,15.087,15.313,15.543,15.776,16.013,16.253,16.497,16.744,16.995,17.25,17.509,17.772
Cameroon,8.823,9.079,9.335,9.59,9.848,10.111,10.389,10.686,10.999,11.332,11.685,12.045,12.412,12.787,13.168,13.537,13.916,14.305,14.706,15.117,15.541,15.976,16.423,16.883,17.356,17.842,18.341,18.855,19.383,19.926,20.424,20.934,21.458,21.994,22.544,23.108,23.685,24.277,24.884,25.506,26.144,26.798,27.468,28.154,28.858
Canada,24.471,24.785,25.083,25.336,25.577,25.813,26.067,26.398,26.751,27.215,27.632,27.987,28.324,28.651,28.96,29.263,29.57,29.868,30.124,30.367,30.647,30.971,31.309,31.603,31.901,32.204,32.529,32.849,33.199,33.581,33.958,34.298,34.665,35.034,35.392,35.678,36.052,36.489,36.994,37.465,37.821,38.176,38.529,38.88,39.23
Central African Republic,2.279,2.348,2.407,2.467,2.526,2.595,2.684,2.741,2.795,2.852,2.913,2.98,3.051,3.125,3.201,3.276,3.35,3.425,3.498,3.57,3.638,3.704,3.767,3.83,3.894,3.961,4.032,4.107,4.185,4.266,4.35,4.435,4.522,4.611,4.701,4.794,4.888,4.983,5.081,5.181,5.282,5.386,5.492,5.599,5.709
Chad,4.412,4.522,4.636,4.751,4.87,4.992,5.117,5.245,5.376,5.51,5.648,5.784,5.922,6.064,6.21,6.596,6.761,6.932,7.108,7.29,7.478,7.665,7.857,8.6,8.815,9.035,9.261,9.493,9.73,9.973,10.223,10.478,10.74,11.009,11.284,11.566,11.855,12.185,12.49,12.802,13.122,13.45,13.787,14.131,14.485
Chile,11.174,11.36,11.545,11.731,11.917,12.102,12.317,12.533,12.748,12.963,13.179,13.422,13.737,13.957,14.172,14.381,14.585,14.783,14.975,15.162,15.343,15.52,15.692,15.857,16.022,16.183,16.348,16.518,16.698,16.881,17.064,17.254,17.443,17.612,17.788,17.971,18.167,18.355,18.545,18.736,18.93,19.125,19.323,19.523,19.724
"China, People's Republic of",987.05,1000.72,1016.54,1030.08,1043.57,1058.51,1075.07,1093,1110.26,1127.04,1143.33,1158.23,1171.71,1185.17,1198.5,1211.21,1223.89,1236.26,1247.61,1257.86,1267.43,1276.27,1284.53,1292.27,1299.88,1307.56,1314.48,1321.29,1328.02,1334.5,1340.91,1347.35,1354.04,1360.72,1367.82,1374.62,1382.71,1390.08,1395.38,1400.174,1404.444,1408.166,1411.333,1411.179,1411.024
Colombia,28.447,29.08,29.718,30.36,31.004,30.794,31.433,32.092,32.764,33.443,34.125,34.834,35.53,36.208,36.863,37.49,38.1,38.6,39.2,39.7,40.296,40.814,41.329,41.849,42.368,42.889,43.406,43.927,44.451,44.979,45.51,46.045,46.582,47.121,47.662,48.203,48.748,49.292,49.834,50.382,50.886,51.395,51.858,52.324,52.795
Comoros,0.333,0.342,0.35,0.358,0.362,0.373,0.385,0.398,0.41,0.424,0.436,0.447,0.457,0.466,0.476,0.486,0.497,0.507,0.518,0.529,0.54,0.552,0.564,0.576,0.589,0.604,0.619,0.635,0.652,0.669,0.686,0.705,0.724,0.743,0.763,0.784,0.805,0.827,0.849,0.872,0.896,0.92,0.944,0.968,0.994
"Congo, Dem. Rep. of the",26.314,27.182,28.079,29.006,29.963,30.952,31.973,33.028,34.118,35.244,36.407,37.608,38.85,40.132,41.456,42.824,43.91,44.838,45.734,46.649,48.049,49.449,52.602,56.09,59.835,63.845,65.939,68.087,70.291,72.553,74.877,77.267,79.585,81.972,84.432,86.964,89.573,92.261,95.028,97.879,100.816,103.84,106.955,110.164,113.469
"Congo, Republic of ",1.589,1.638,1.689,1.741,1.794,1.85,1.907,1.966,2.026,2.154,2.22,2.288,2.345,2.404,2.464,2.525,2.588,2.653,2.719,2.787,2.857,2.929,3.002,3.077,3.154,3.233,3.313,3.396,3.481,3.568,3.657,3.749,3.843,3.939,4.037,4.138,4.241,4.347,4.456,4.568,4.682,4.799,4.919,5.042,5.168
Costa Rica,2.302,2.372,2.443,2.514,2.588,2.666,2.746,2.824,2.901,2.977,3.051,3.122,3.191,3.275,3.373,3.47,3.565,3.657,3.747,3.838,3.81,3.953,4.022,4.086,4.152,4.215,4.279,4.34,4.404,4.469,4.554,4.613,4.673,4.733,4.793,4.851,4.909,4.966,5.024,5.083,5.142,5.202,5.262,5.323,5.385
Croatia,no data,no data,no data,no data,no data,no data,no data,no data,no data,no data,4.517,4.81,4.73,4.624,4.524,4.453,4.494,4.572,4.501,4.554,4.381,4.305,4.305,4.306,4.439,4.442,4.44,4.436,4.434,4.429,4.418,4.28,4.268,4.256,4.238,4.204,4.174,4.125,4.096,4.067,4.039,4.011,3.983,3.955,3.927
Cyprus,0.509,0.515,0.521,0.528,0.535,0.541,0.548,0.554,0.559,0.568,0.579,0.595,0.611,0.626,0.639,0.645,0.656,0.666,0.675,0.683,0.69,0.698,0.706,0.714,0.723,0.733,0.744,0.758,0.776,0.797,0.819,0.84,0.862,0.866,0.858,0.847,0.848,0.855,0.864,0.87,0.875,0.88,0.886,0.891,0.897
Czech Republic,no data,no data,no data,no data,no data,no data,no data,no data,no data,no data,no data,no data,no data,no data,no data,10.333,10.321,10.309,10.299,10.29,10.278,10.232,10.201,10.193,10.195,10.199,10.224,10.254,10.343,10.426,10.462,10.487,10.505,10.516,10.512,10.538,10.554,10.579,10.593,10.606,10.619,10.632,10.644,10.653,10.657
CÃ´te d'Ivoire,7.993,8.175,8.492,8.924,9.173,9.528,9.902,10.286,10.382,10.804,11.246,11.697,12.157,13.358,13.758,14.158,14.56,14.938,15.326,15.725,16.134,16.553,16.984,17.425,17.878,18.343,18.82,19.309,19.811,20.327,20.855,21.397,21.954,22.524,23.11,23.711,24.327,24.96,25.609,26.275,26.958,27.659,28.378,29.116,29.873
Denmark,5.122,5.124,5.119,5.116,5.112,5.111,5.116,5.125,5.129,5.13,5.135,5.146,5.162,5.181,5.197,5.216,5.251,5.275,5.295,5.314,5.33,5.349,5.368,5.384,5.398,5.411,5.427,5.447,5.476,5.511,5.535,5.561,5.581,5.603,5.627,5.66,5.707,5.749,5.781,5.825,5.87,5.913,5.957,6,6.043
Djibouti,no data,no data,no data,no data,no data,no data,no data,no data,no data,no data,0.484,0.498,0.512,0.526,0.541,0.556,0.571,0.587,0.604,0.621,0.638,0.656,0.674,0.693,0.713,0.733,0.753,0.774,0.796,0.818,0.841,0.865,0.889,0.914,0.939,0.966,0.993,1.02,1.049,1.078,1.109,1.14,1.172,1.204,1.238
Dominica,no data,0.074,0.074,0.073,0.073,0.073,0.072,0.072,0.072,0.072,0.071,0.071,0.071,0.071,0.071,0.071,0.071,0.071,0.071,0.071,0.071,0.071,0.071,0.071,0.071,0.071,0.071,0.071,0.071,0.071,0.071,0.071,0.071,0.071,0.071,0.071,0.071,0.071,0.071,0.071,0.071,0.071,0.071,0.071,0.071
Dominican Republic,5.652,5.781,5.916,6.056,6.202,6.353,6.509,6.669,6.828,6.979,7.118,7.242,7.375,7.511,7.642,7.771,7.897,8.023,8.152,8.276,8.398,8.513,8.628,8.745,8.858,8.968,9.071,9.174,9.28,9.38,9.479,9.58,9.681,9.785,9.883,9.98,10.075,10.169,10.271,10.374,10.477,10.582,10.688,10.795,10.903
Ecuador,8.03,8.261,8.495,8.733,8.971,9.211,9.451,9.691,9.944,10.189,10.43,10.671,10.912,11.15,11.38,11.598,11.798,11.987,12.168,12.347,12.531,12.815,13.094,13.32,13.552,13.721,13.965,14.215,14.473,14.738,15.012,15.266,15.521,15.775,16.027,16.279,16.529,16.777,17.023,17.268,17.511,17.757,18.006,18.259,18.516
Egypt,40.554,41.706,42.846,44.015,45.237,46.545,47.751,48.8,49.8,50.9,51.36,52.423,53.508,54.615,55.746,56.9,58.2,59.4,60.7,62,63.771,65.182,66.531,67.908,69.313,70.748,72.212,73.644,75.229,76.925,78.728,80.5,82.4,84.7,86.7,89,90.2,94.8,96.98,99.211,101.493,103.827,106.215,108.658,112.244
El Salvador,4.711,4.765,4.802,4.831,4.861,4.9,4.95,5.01,5.08,5.16,5.25,5.33,5.4,5.47,5.54,5.61,5.67,5.73,5.78,5.83,5.87,5.91,5.94,5.97,6,6.03,6.074,6.097,6.121,6.153,6.193,6.239,6.29,6.344,6.401,6.46,6.521,6.582,6.641,6.701,6.763,6.825,6.888,6.951,7.014
Equatorial Guinea,0.255,0.27,0.291,0.314,0.338,0.359,0.376,0.39,0.402,0.414,0.427,0.441,0.455,0.471,0.487,0.505,0.524,0.545,0.567,0.59,0.614,0.64,0.666,0.695,0.725,0.757,0.792,0.829,0.868,0.909,0.951,0.994,1.039,1.084,1.129,1.175,1.221,1.268,1.314,1.36,1.406,1.452,1.498,1.544,1.59
Eritrea,no data,no data,no data,no data,no data,no data,no data,no data,no data,no data,no data,no data,3.427,3.422,3.426,3.453,3.507,3.583,3.683,3.802,3.867,3.988,4.109,4.231,4.354,4.477,4.6,4.724,4.848,4.972,5.095,5.218,5.34,5.461,5.581,5.7,5.817,5.933,6.047,6.159,6.269,6.376,6.48,6.582,6.681
Estonia,no data,no data,no data,no data,no data,no data,no data,no data,no data,1.553,1.558,1.555,1.543,1.499,1.465,1.437,1.416,1.4,1.386,1.39,1.397,1.388,1.379,1.371,1.363,1.355,1.347,1.341,1.337,1.335,1.331,1.327,1.323,1.318,1.315,1.315,1.316,1.317,1.319,1.319,1.32,1.32,1.32,1.32,1.319
Eswatini,0.557,0.574,0.59,0.608,0.628,0.652,0.679,0.709,0.74,0.77,0.797,0.819,0.838,0.855,0.872,0.89,0.909,0.93,0.939,0.947,0.956,0.965,0.974,0.983,0.992,1.001,1.01,1.018,1.026,1.033,1.041,1.048,1.056,1.063,1.071,1.078,1.086,1.093,1.101,1.109,1.116,1.124,1.132,1.14,1.148
Ethiopia,34.32,35.148,36.151,37.294,38.52,39.786,41.084,42.424,43.815,45.273,46.807,48.42,50.096,51.812,53.531,55.23,56.898,58.544,60.179,61.826,63.5,65.405,67.22,71.342,73.197,75.1,77.053,79.056,80.321,81.606,82.912,84.238,85.586,86.955,88.347,89.76,91.196,92.656,94.138,95.644,97.175,98.729,100.309,101.914,103.545
Fiji,0.634,0.649,0.666,0.683,0.698,0.709,0.715,0.718,0.719,0.733,0.739,0.745,0.751,0.757,0.763,0.769,0.775,0.781,0.786,0.792,0.798,0.803,0.809,0.815,0.82,0.826,0.832,0.837,0.841,0.845,0.849,0.853,0.858,0.862,0.866,0.869,0.877,0.885,0.89,0.895,0.9,0.905,0.91,0.915,0.92
Finland,4.771,4.788,4.812,4.842,4.87,4.894,4.911,4.926,4.939,4.954,4.974,4.998,5.029,5.055,5.078,5.099,5.117,5.132,5.147,5.16,5.171,5.181,5.195,5.206,5.22,5.237,5.256,5.277,5.3,5.326,5.351,5.375,5.401,5.427,5.451,5.472,5.487,5.503,5.524,5.543,5.561,5.579,5.597,5.613,5.628
France,53.731,54.029,54.335,54.65,54.895,55.157,55.411,55.682,55.966,56.27,56.577,56.841,57.111,57.369,57.565,57.753,57.936,58.116,58.299,58.497,58.858,59.267,59.686,60.102,60.505,60.963,61.4,61.795,62.135,62.466,62.765,63.07,63.376,63.698,64.028,64.301,64.469,64.618,64.725,65.021,65.319,65.618,65.918,66.22,66.523
Gabon,0.748,0.765,0.781,0.799,0.816,0.834,0.852,0.871,0.89,0.91,0.93,0.96,0.99,1.014,1.039,1.065,1.092,1.119,1.147,1.176,1.205,1.235,1.266,1.298,1.33,1.364,1.398,1.44,1.494,1.551,1.61,1.671,1.735,1.803,1.868,1.93,1.98,2.025,2.053,2.08,2.108,2.135,2.161,2.187,2.213
"Gambia, The",0.565,0.6,0.622,0.647,0.673,0.701,0.729,0.759,0.79,0.823,0.856,0.891,0.928,0.982,1.016,1.048,1.079,1.128,1.161,1.195,1.232,1.27,1.311,1.354,1.399,1.444,1.491,1.539,1.589,1.64,1.692,1.746,1.802,1.859,1.918,1.978,2.039,2.103,2.169,2.238,2.309,2.382,2.457,2.534,2.614
Georgia,no data,no data,no data,no data,no data,no data,no data,no data,no data,no data,no data,5.453,5.467,5.346,4.93,4.742,4.573,4.41,4.29,4.198,4.117,4.038,3.991,3.966,3.938,3.917,3.888,3.873,3.848,3.829,3.8,3.774,3.739,3.718,3.717,3.722,3.729,3.726,3.71,3.693,3.676,3.707,3.737,3.768,3.798
Germany,76.843,76.988,76.933,76.664,76.355,76.166,76.219,76.233,76.697,77.463,78.949,79.973,80.5,80.947,81.148,81.308,81.467,81.51,81.446,81.423,81.457,81.518,81.579,81.549,81.457,81.337,81.174,80.993,80.764,80.483,80.285,80.276,80.427,80.647,80.983,81.687,82.349,82.657,82.886,82.952,82.96,82.909,82.848,82.776,82.692
Ghana,10.704,10.961,11.226,11.501,12.296,12.572,12.859,13.155,13.462,13.779,14.106,14.443,14.791,15.15,15.52,15.902,16.297,16.703,17.121,17.55,18.912,19.397,19.883,20.371,20.859,21.367,21.876,22.388,22.901,23.417,24.659,25.261,25.867,26.479,27.092,27.707,28.324,28.94,29.555,30.168,30.779,31.282,32.082,32.902,33.743
Greece,9.584,9.701,9.758,9.821,9.872,9.92,9.949,9.985,10.016,10.058,10.121,10.273,10.367,10.431,10.49,10.536,10.588,10.629,10.693,10.748,10.776,10.836,10.888,10.916,10.94,10.97,11.005,11.036,11.061,11.095,11.119,11.123,11.086,11.004,10.927,10.858,10.784,10.768,10.736,10.682,10.629,10.574,10.52,10.466,10.412
Grenada,0.089,0.091,0.093,0.096,0.098,0.1,0.1,0.099,0.098,0.097,0.096,0.096,0.097,0.098,0.099,0.1,0.101,0.101,0.101,0.101,0.102,0.102,0.102,0.102,0.103,0.103,0.103,0.104,0.104,0.104,0.105,0.105,0.105,0.106,0.106,0.107,0.107,0.108,0.108,0.109,0.109,0.11,0.11,0.111,0.111
Guatemala,7.211,7.394,7.582,7.776,7.975,8.18,8.39,8.604,8.822,9.042,9.264,9.483,9.709,9.939,10.172,10.408,10.647,10.888,11.134,11.387,11.651,11.925,12.209,12.5,12.797,13.096,13.397,13.7,14.006,14.316,14.63,14.949,15.271,15.596,15.924,16.252,16.582,16.919,17.263,17.613,17.971,18.336,18.708,19.088,19.476
Guinea,no data,no data,no data,no data,no data,no data,no data,no data,no data,no data,6.02,6.352,6.734,7.136,7.514,7.837,8.095,8.296,8.457,8.601,8.746,8.895,9.046,9.205,9.38,9.576,9.799,10.047,10.315,10.593,10.876,11.162,11.451,11.745,12.044,12.345,12.654,12.97,13.294,13.627,13.967,14.317,14.674,15.041,15.417
Guinea-Bissau,0.782,0.798,0.815,0.832,0.85,0.867,0.886,0.903,0.921,0.94,0.959,0.98,1.003,1.025,1.048,1.072,1.095,1.119,1.144,1.169,1.194,1.219,1.246,1.272,1.299,1.328,1.356,1.386,1.417,1.449,1.46,1.492,1.525,1.559,1.593,1.628,1.664,1.7,1.738,1.776,1.815,1.855,1.896,1.937,1.978
Guyana,0.764,0.765,0.765,0.763,0.759,0.754,0.748,0.742,0.735,0.726,0.72,0.718,0.718,0.72,0.723,0.727,0.73,0.734,0.737,0.74,0.742,0.743,0.743,0.743,0.742,0.742,0.744,0.746,0.748,0.751,0.753,0.756,0.758,0.761,0.764,0.767,0.773,0.778,0.782,0.785,0.787,0.789,0.792,0.794,0.796
Haiti,5.935,6.042,6.15,6.261,6.374,6.489,6.606,6.725,6.805,6.943,7.086,7.218,7.359,7.511,7.673,7.82,7.966,8.112,8.258,8.404,8.549,8.693,8.835,8.977,9.119,9.263,9.409,9.557,9.705,9.853,10,10.145,10.289,10.431,10.572,10.711,10.848,10.983,11.117,11.248,11.378,11.507,11.634,11.76,11.883
Honduras,3.673,3.79,3.908,4.029,4.154,4.283,4.411,4.544,4.68,4.816,4.955,5.1,5.248,5.399,5.553,5.709,5.868,6.029,6.192,6.357,6.524,6.693,6.863,7.034,7.204,7.373,7.541,7.708,7.873,8.035,8.195,8.352,8.506,8.658,8.809,8.961,9.115,9.272,9.432,9.594,9.759,9.927,10.098,10.272,10.448
Hong Kong SAR,5.096,5.217,5.297,5.388,5.469,5.539,5.605,5.637,5.712,5.767,5.793,5.856,5.929,6.04,6.162,6.314,6.467,6.517,6.583,6.638,6.712,6.73,6.726,6.764,6.798,6.838,6.904,6.938,6.964,6.996,7.052,7.11,7.171,7.211,7.253,7.31,7.377,7.413,7.483,7.553,7.623,7.667,7.712,7.757,7.802
Hungary,10.71,10.706,10.695,10.672,10.641,10.599,10.56,10.509,10.464,10.422,10.375,10.373,10.374,10.365,10.35,10.337,10.321,10.301,10.28,10.253,10.222,10.2,10.175,10.142,10.117,10.098,10.077,10.066,10.045,10.031,10.014,9.986,9.932,9.909,9.877,9.856,9.83,9.798,9.778,9.758,9.738,9.718,9.698,9.679,9.659
Iceland,0.227,0.229,0.232,0.236,0.238,0.241,0.242,0.244,0.248,0.252,0.254,0.256,0.26,0.262,0.265,0.267,0.268,0.27,0.272,0.276,0.279,0.283,0.287,0.288,0.291,0.294,0.3,0.308,0.315,0.319,0.318,0.318,0.32,0.322,0.326,0.329,0.333,0.338,0.348,0.357,0.364,0.37,0.377,0.383,0.389
India,685.5,700,715.5,731,747,763,779.5,796.5,813.5,830.5,847.5,864,882,901,919,937,955,973.5,992,1010,1029.5,1047.134,1064.593,1081.907,1099.118,1116.257,1133.328,1150.316,1167.212,1184,1200.664,1217.197,1233.588,1249.817,1266.259,1282.918,1299.796,1316.896,1334.221,1351.774,1369.557,1387.575,1405.83,1424.325,1443.063
Indonesia,147.49,150.406,153.379,156.41,159.502,162.655,165.87,169.149,172.492,175.902,179.379,182.354,185.378,188.452,191.578,194.755,197.004,199.28,201.581,203.909,206.265,209.206,212.19,215.216,218.285,221.398,224.555,227.758,231.006,234.3,237.641,241.991,245.425,248.818,252.165,255.588,258.497,261.356,264.162,266.998,269.865,272.762,275.691,278.651,281.642
Iran,39.291,40.826,42.42,44.077,45.798,47.587,49.445,50.662,51.909,53.187,54.496,55.837,56.656,57.488,58.331,59.187,60.055,61.07,62.103,63.152,64.219,65.301,66.3,67.315,68.345,69.39,70.496,71.366,72.266,73.196,74.157,75.15,76.038,76.942,78.47,79.476,80.46,81.423,82.36,83.269,84.149,84.995,85.808,86.666,87.532
Iraq,no data,no data,no data,no data,no data,no data,no data,no data,no data,no data,no data,no data,no data,no data,no data,no data,no data,no data,no data,no data,no data,no data,no data,25.96,26.674,27.377,28.064,28.741,29.43,30.163,30.962,31.76,32.578,33.417,35,35.213,36.169,37.14,38.124,39.115,40.132,41.176,42.246,43.345,44.472
Ireland,3.427,3.47,3.506,3.531,3.556,3.567,3.567,3.573,3.558,3.536,3.532,3.552,3.582,3.601,3.613,3.629,3.654,3.692,3.731,3.773,3.828,3.889,3.956,4.021,4.1,4.2,4.321,4.445,4.516,4.547,4.568,4.585,4.605,4.631,4.667,4.714,4.771,4.825,4.898,4.961,5.011,5.061,5.112,5.163,5.214
Israel,3.92,3.948,4.018,4.104,4.157,4.231,4.296,4.366,4.439,4.516,4.658,4.946,5.124,5.259,5.395,5.542,5.682,5.824,5.967,6.117,6.286,6.436,6.567,6.687,6.806,6.927,7.052,7.176,7.307,7.482,7.621,7.763,7.907,8.056,8.212,8.377,8.543,8.71,8.881,9.054,9.23,9.41,9.593,9.78,9.97
Italy,56.388,56.479,56.524,56.563,56.565,56.588,56.598,56.594,56.609,56.649,56.694,56.744,56.773,56.821,56.842,56.844,56.844,56.876,56.904,56.909,56.924,56.961,56.999,57.2,57.625,58.065,58.316,58.54,59.034,59.449,59.707,59.952,60.168,60.51,60.783,60.796,60.666,60.589,60.484,60.74,60.719,60.692,60.66,60.623,60.582
Jamaica,2.112,2.15,2.186,2.23,2.235,2.269,2.29,2.306,2.32,2.324,2.365,2.381,2.399,2.419,2.44,2.462,2.485,2.509,2.534,2.559,2.582,2.605,2.627,2.647,2.666,2.682,2.696,2.708,2.719,2.73,2.741,2.755,2.769,2.784,2.799,2.814,2.829,2.844,2.86,2.875,2.891,2.906,2.922,2.938,2.954
Japan,116.769,117.623,118.451,119.271,120.05,120.8,121.446,122.031,122.548,123.028,123.438,123.928,124.367,124.77,125.116,125.436,125.711,126.011,126.349,126.587,126.831,127.132,127.4,127.634,127.734,127.752,127.746,127.757,127.692,127.551,127.594,127.831,127.552,127.333,127.12,126.978,126.96,126.746,126.494,126.184,125.751,125.277,124.764,124.202,123.61
Jordan,2.374,2.461,2.56,2.667,2.78,2.896,3.011,3.128,3.253,3.395,3.561,3.753,3.968,4.189,4.396,4.573,4.716,4.832,4.928,5.015,5.103,5.193,5.287,5.397,5.536,5.714,5.934,6.193,6.49,6.821,7.182,7.575,7.993,8.413,8.809,9.159,9.456,9.702,9.904,10.07,10.209,10.32,10.405,10.474,10.539
Kazakhstan,no data,no data,no data,no data,no data,no data,no data,no data,no data,no data,no data,no data,17.048,16.9,15.8,15.676,15.481,15.188,14.955,14.902,14.866,14.851,14.867,14.951,15.075,15.219,15.397,15.572,15.982,16.203,16.44,16.673,16.91,17.161,17.418,17.671,17.927,18.193,18.463,18.737,19.015,19.297,19.583,19.874,20.169
Kenya,15.74,16.327,16.92,17.498,18.095,18.712,19.351,20.011,20.694,21.4,22.037,22.694,23.37,24.066,24.783,25.521,26.281,27.064,27.87,28.7,29.494,30.309,31.147,32.009,32.894,33.803,34.738,35.698,36.686,37.7,38.5,39.5,40.7,41.8,43,44.2,45.451,46.729,48.033,49.364,50.722,52.107,53.519,54.959,56.427
Kiribati,0.06,0.06,0.06,0.062,0.063,0.064,0.065,0.067,0.068,0.07,0.072,0.073,0.074,0.075,0.077,0.078,0.079,0.08,0.082,0.083,0.084,0.086,0.088,0.089,0.091,0.093,0.095,0.097,0.099,0.101,0.103,0.104,0.106,0.107,0.109,0.11,0.112,0.113,0.115,0.117,0.119,0.121,0.123,0.125,0.127
"Korea, Republic of",38.124,38.723,39.326,39.91,40.406,40.806,41.214,41.622,42.031,42.449,42.869,43.296,43.748,44.195,44.642,45.093,45.525,45.954,46.287,46.617,47.008,47.37,47.645,47.892,48.083,48.185,48.438,48.684,49.055,49.308,49.554,49.937,50.2,50.429,50.747,51.015,51.246,51.454,51.663,51.874,52.085,52.297,52.509,52.723,52.937
Kosovo,no data,no data,no data,no data,no data,no data,no data,no data,no data,no data,no data,no data,no data,no data,no data,no data,no data,no data,no data,no data,1.472,1.472,1.511,1.537,1.631,1.651,1.674,1.699,1.72,1.747,1.775,1.78,1.816,1.821,1.805,1.772,1.784,1.799,1.813,1.827,1.842,1.857,1.872,1.887,1.902
Kuwait,1.37,1.432,1.497,1.566,1.6,1.7,1.8,1.9,2,2.1,2.13,1.36,1.42,1.48,1.83,1.96,2.09,2.209,2.271,2.255,2.217,2.309,2.42,2.547,2.754,2.991,3.183,3.4,3.442,3.485,3.582,3.697,3.807,3.892,4.039,4.183,4.329,4.45,4.574,4.701,4.832,4.967,5.106,5.248,5.394
Kyrgyz Republic,no data,no data,no data,no data,no data,no data,no data,no data,no data,no data,no data,no data,4.43,4.505,4.525,4.596,4.661,4.732,4.806,4.875,4.922,4.968,5.013,5.073,5.136,5.189,5.248,5.289,5.348,5.418,5.478,5.552,5.663,5.777,5.895,6.019,6.14,6.257,6.382,6.51,6.634,6.767,6.903,7.033,7.175
Lao P.D.R.,3.118,3.177,3.251,3.334,3.425,3.519,3.618,3.721,3.828,3.938,4.087,4.208,4.331,4.454,4.575,4.691,4.801,4.907,4.991,5.076,5.162,5.25,5.339,5.43,5.522,5.621,5.702,5.784,5.867,5.952,6.038,6.124,6.213,6.302,6.393,6.492,6.585,6.68,6.777,6.874,6.973,7.073,7.175,7.279,7.383
Latvia,no data,no data,no data,no data,no data,no data,no data,no data,no data,no data,no data,no data,2.677,2.669,2.627,2.501,2.47,2.445,2.421,2.399,2.382,2.353,2.321,2.299,2.277,2.25,2.228,2.209,2.192,2.163,2.121,2.075,2.045,2.024,2.001,1.986,1.969,1.95,1.934,1.929,1.925,1.921,1.917,1.913,1.909
Lebanon,2.55,2.531,2.521,2.521,2.521,2.55,2.588,2.617,2.645,2.674,2.703,2.752,2.822,2.901,2.975,3.033,3.071,3.093,3.114,3.157,3.235,3.36,3.523,3.701,3.863,3.987,4.057,4.086,4.111,4.183,4.337,4.588,4.916,5.276,5.603,5.851,6.007,6.082,6.094,6.066,6.02,5.957,5.875,5.783,5.69
Lesotho,1.281,1.315,1.349,1.384,1.358,1.39,1.425,1.492,1.532,1.576,1.621,1.643,1.708,1.749,1.786,1.877,1.862,1.864,1.865,1.867,1.868,1.869,1.871,1.872,1.874,1.875,1.877,1.889,1.902,1.915,1.928,1.941,1.954,1.967,1.98,1.994,2.007,2.021,2.034,2.048,2.062,2.087,2.112,2.138,2.164
Liberia,1.737,1.8,1.869,1.934,1.986,2.016,2.025,2.015,1.991,1.96,1.929,1.895,1.86,1.839,1.851,1.907,2.015,2.169,2.346,2.515,2.653,2.751,2.817,2.866,2.921,2.999,3.105,3.231,3.369,3.505,3.631,3.743,3.845,3.942,4.038,4.138,4.243,4.352,4.463,4.578,4.694,4.812,4.932,5.054,5.179
Libya,2.988,3.126,3.273,3.411,3.558,3.539,3.676,3.834,4.325,4.522,4.26,4.36,4.46,4.56,4.65,4.75,4.84,4.92,5.01,5.09,5.18,5.26,5.34,5.42,5.51,5.59,5.69,5.78,5.88,5.96,6.041,5.923,6.283,6.266,6.259,6.322,6.385,6.448,6.513,6.578,6.644,6.71,6.777,6.845,6.913
Lithuania,no data,no data,no data,no data,no data,no data,no data,no data,no data,no data,no data,no data,no data,no data,no data,3.629,3.602,3.575,3.549,3.524,3.5,3.471,3.443,3.415,3.377,3.323,3.27,3.231,3.198,3.163,3.097,3.028,2.988,2.958,2.932,2.905,2.868,2.825,2.785,2.746,2.708,2.67,2.633,2.596,2.56
Luxembourg,0.364,0.365,0.366,0.366,0.366,0.367,0.368,0.371,0.374,0.378,0.382,0.387,0.392,0.398,0.404,0.406,0.412,0.417,0.422,0.427,0.434,0.439,0.444,0.448,0.455,0.461,0.469,0.476,0.484,0.494,0.502,0.512,0.525,0.537,0.55,0.563,0.576,0.591,0.602,0.617,0.633,0.648,0.665,0.681,0.698
Macao SAR,no data,no data,no data,no data,no data,no data,no data,no data,no data,no data,no data,no data,no data,no data,no data,no data,no data,no data,no data,no data,no data,0.436,0.441,0.447,0.463,0.484,0.513,0.538,0.549,0.542,0.552,0.557,0.582,0.608,0.636,0.647,0.645,0.653,0.662,0.672,0.682,0.694,0.704,0.713,0.721
Madagascar,8.747,8.983,9.221,9.462,9.714,9.981,10.264,10.563,10.878,11.206,11.546,11.898,12.264,12.644,13.04,13.453,13.883,14.329,14.79,15.263,15.745,16.236,16.736,17.245,17.763,18.29,18.826,19.371,19.927,20.496,21.08,21.679,22.294,22.925,23.572,24.235,24.916,25.613,26.326,27.055,27.799,28.557,29.33,30.116,30.916
Malawi,6.564,6.748,6.923,7.116,7.368,7.7,8.133,8.647,9.185,9.667,10.039,10.275,10.4,10.461,10.533,10.666,10.876,11.148,11.458,11.774,12.07,12.343,12.813,13.098,13.385,13.654,14.043,14.439,14.846,15.274,15.714,16.166,16.632,17.111,17.604,18.111,18.632,19.169,19.721,20.289,20.873,21.474,22.093,22.729,23.384
Malaysia,13.885,14.229,14.592,14.955,15.328,15.823,16.257,16.681,17.094,17.508,18.267,18.547,19.068,19.602,20.142,20.682,21.223,21.769,22.334,22.91,23.495,24.123,24.727,25.32,25.905,26.477,26.832,27.1,27.6,28.082,28.589,29.062,29.51,30.214,30.709,31.186,31.634,32.023,32.385,32.801,33.221,33.645,34.071,34.496,34.915
Maldives,0.152,0.158,0.163,0.169,0.175,0.182,0.189,0.193,0.198,0.204,0.212,0.222,0.228,0.234,0.24,0.245,0.25,0.255,0.261,0.266,0.27,0.276,0.281,0.285,0.289,0.294,0.299,0.305,0.31,0.315,0.32,0.325,0.331,0.336,0.342,0.348,0.354,0.36,0.366,0.372,0.378,0.384,0.391,0.397,0.404
Mali,7.09,7.09,7.234,7.388,7.544,7.694,7.832,7.955,8.068,8.181,8.31,8.465,8.653,8.868,9.105,9.353,9.604,9.857,10.114,10.381,10.664,10.968,11.293,11.639,12.005,12.392,12.799,13.227,13.676,14.138,14.607,15.075,15.541,16.007,16.478,16.963,17.468,17.995,18.542,19.095,19.667,20.257,20.866,21.493,22.138
Malta,0.315,0.318,0.32,0.332,0.329,0.332,0.341,0.343,0.346,0.349,0.352,0.362,0.366,0.369,0.373,0.376,0.378,0.381,0.384,0.386,0.389,0.391,0.395,0.397,0.4,0.403,0.405,0.406,0.408,0.411,0.414,0.415,0.418,0.423,0.429,0.44,0.45,0.46,0.467,0.473,0.476,0.479,0.481,0.482,0.483
Marshall Islands,no data,no data,no data,no data,no data,no data,no data,no data,no data,no data,no data,no data,no data,no data,no data,no data,no data,0.049,0.05,0.051,0.051,0.051,0.05,0.05,0.05,0.051,0.051,0.052,0.052,0.052,0.053,0.053,0.053,0.054,0.054,0.054,0.054,0.055,0.056,0.057,0.058,0.059,0.06,0.061,0.061
Mauritania,no data,no data,no data,no data,no data,no data,no data,no data,no data,no data,2.03,2.085,2.141,2.2,2.261,2.327,2.397,2.472,2.549,2.629,2.709,2.791,2.873,2.957,3.043,3.131,3.221,3.313,3.408,3.506,3.61,3.718,3.83,3.946,4.064,4.182,4.301,4.42,4.546,4.674,4.805,4.941,5.08,5.223,5.37
Mauritius,0.966,0.98,0.993,1.002,1.012,1.021,1.028,1.036,1.043,1.051,1.059,1.07,1.084,1.097,1.113,1.122,1.134,1.148,1.16,1.175,1.187,1.196,1.205,1.213,1.221,1.228,1.234,1.24,1.244,1.247,1.25,1.252,1.256,1.259,1.261,1.263,1.264,1.265,1.266,1.267,1.267,1.267,1.267,1.266,1.266
Mexico,69.361,70.992,72.603,74.197,75.781,77.361,78.934,80.503,82.084,83.698,87.065,88.631,90.133,91.601,93.055,94.49,95.877,97.205,98.485,99.706,100.896,102.122,103.418,104.72,105.952,107.151,108.409,109.787,111.299,112.853,114.256,115.683,117.054,118.395,119.713,121.006,122.273,123.518,124.738,125.929,127.092,128.231,129.352,130.452,131.529
"Micronesia, Fed. States of",no data,no data,no data,no data,no data,no data,no data,no data,no data,no data,no data,no data,no data,no data,no data,0.106,0.106,0.106,0.107,0.107,0.107,0.107,0.106,0.106,0.106,0.106,0.105,0.104,0.104,0.103,0.103,0.102,0.102,0.102,0.102,0.102,0.102,0.102,0.102,0.102,0.103,0.103,0.103,0.103,0.103
Moldova,no data,no data,no data,no data,no data,no data,no data,no data,no data,no data,no data,no data,3.689,3.679,3.684,3.679,3.668,3.656,3.65,3.644,3.635,3.628,3.618,3.607,3.6,3.59,3.581,3.573,3.568,3.564,3.56,3.56,3.559,3.558,3.555,3.553,3.551,3.547,3.544,3.542,3.539,3.536,3.534,3.531,3.529
Mongolia,no data,no data,no data,no data,no data,no data,no data,no data,no data,no data,2.084,2.135,2.175,2.195,2.215,2.249,2.283,2.316,2.349,2.374,2.403,2.432,2.466,2.495,2.522,2.551,2.583,2.62,2.666,2.716,2.761,2.812,2.868,2.93,2.996,3.058,3.12,3.178,3.238,3.3,3.363,3.426,3.491,3.558,3.625
Montenegro,no data,no data,no data,no data,no data,no data,no data,no data,no data,no data,no data,no data,no data,no data,no data,no data,no data,no data,no data,no data,0.612,0.615,0.615,0.615,0.615,0.615,0.615,0.616,0.617,0.618,0.619,0.62,0.621,0.621,0.622,0.622,0.623,0.624,0.624,0.625,0.625,0.626,0.626,0.626,0.627
Morocco,19.432,19.938,20.459,20.944,21.441,21.951,22.469,23.002,23.528,24.075,24.167,24.634,25.095,25.549,25.996,26.384,26.761,27.14,27.519,27.9,28.283,28.666,29.051,29.438,29.826,30.215,30.606,30.998,31.391,31.786,32.182,32.579,32.978,33.378,33.77,34.125,34.487,34.852,35.22,35.587,35.952,36.313,36.67,37.022,37.37
Mozambique,12.142,12.439,12.729,12.993,13.201,13.339,13.391,13.375,13.349,13.395,13.568,13.894,14.35,14.893,15.453,15.982,16.463,16.915,17.351,17.798,18.276,18.786,19.32,19.873,20.439,21.01,21.738,22.36,22.995,23.648,24.321,25.017,25.733,26.467,27.216,27.978,28.751,29.538,30.339,31.157,31.993,32.848,33.722,34.615,35.528
Myanmar,no data,no data,no data,no data,no data,no data,no data,no data,no data,no data,no data,no data,no data,no data,no data,no data,no data,no data,45.296,45.874,46.379,46.801,47.153,47.455,47.74,48.033,48.338,48.653,48.983,49.334,49.708,50.11,50.537,50.979,51.419,51.846,52.254,52.645,52.832,53.019,53.378,53.722,54.05,54.36,54.652
Namibia,no data,no data,no data,no data,no data,no data,no data,no data,no data,1.284,1.345,1.403,1.455,1.504,1.549,1.594,1.643,1.696,1.75,1.805,1.828,1.83,1.86,1.891,1.923,1.957,1.992,1.994,2.024,2.054,2.085,2.116,2.155,2.196,2.238,2.281,2.324,2.369,2.414,2.46,2.507,2.555,2.604,2.653,2.704
Nauru,no data,no data,no data,no data,no data,no data,no data,no data,no data,no data,no data,no data,no data,no data,no data,no data,no data,no data,no data,no data,no data,no data,no data,no data,0.01,0.01,0.009,0.009,0.009,0.01,0.01,0.01,0.01,0.011,0.012,0.012,0.013,0.013,0.013,0.013,0.013,0.013,0.014,0.014,0.014
Nepal,14.902,15.249,15.607,15.974,16.347,16.724,17.101,17.481,17.874,18.294,18.749,19.245,19.774,20.321,20.867,21.396,21.903,22.39,22.856,23.306,23.741,24.162,24.566,24.951,25.309,25.64,25.941,26.215,26.476,26.741,27.023,27.327,27.65,27.985,28.323,28.656,28.983,29.305,29.631,29.96,30.293,30.63,30.971,31.315,31.663
Netherlands,14.15,14.247,14.313,14.367,14.424,14.492,14.572,14.665,14.76,14.849,14.952,15.07,15.184,15.29,15.383,15.459,15.53,15.611,15.707,15.812,15.926,16.046,16.149,16.225,16.282,16.32,16.346,16.382,16.446,16.53,16.615,16.693,16.755,16.804,16.865,16.937,17.03,17.14,17.19,17.24,17.29,17.34,17.39,17.44,17.49
New Zealand,3.126,3.143,3.167,3.198,3.23,3.261,3.291,3.32,3.351,3.385,3.425,3.516,3.552,3.598,3.648,3.707,3.762,3.803,3.829,3.851,3.873,3.916,3.99,4.062,4.114,4.161,4.209,4.246,4.28,4.332,4.374,4.399,4.426,4.476,4.555,4.647,4.747,4.844,4.929,5.013,5.089,5.158,5.221,5.276,5.338
Nicaragua,no data,no data,no data,no data,no data,no data,no data,no data,no data,no data,no data,no data,no data,no data,4.521,4.612,4.701,4.787,4.87,4.95,5.027,5.101,5.172,5.241,5.31,5.379,5.45,5.522,5.595,5.667,5.738,5.808,5.877,5.946,6.014,6.082,6.15,6.218,6.288,6.359,6.43,6.502,6.575,6.649,6.723
Niger,5.436,5.621,5.816,6.019,6.224,6.431,6.639,6.852,7.069,7.292,7.523,7.771,8.035,8.314,8.605,8.904,9.215,9.538,9.871,10.177,10.493,11.06,11.456,11.834,12.225,12.792,13.248,13.716,14.198,14.693,15.148,15.618,16.102,16.601,17.116,17.647,18.194,18.758,19.339,19.939,20.557,21.194,21.851,22.528,23.227
Nigeria,68.447,70.388,72.318,74.272,76.299,78.435,80.688,83.043,85.488,87.998,90.557,93.161,95.725,98.36,101.068,103.85,106.709,109.647,112.665,115.766,118.953,122.228,125.593,129.05,132.602,136.253,140.004,143.854,147.81,151.874,156.051,160.342,164.752,169.282,173.938,178.721,183.636,188.686,193.875,199.206,204.684,210.313,216.097,222.039,228.146
North Macedonia ,no data,no data,no data,no data,no data,no data,no data,no data,no data,no data,no data,no data,1.933,1.942,1.952,1.963,1.977,1.983,1.993,2.002,2.01,2.016,2.022,2.026,2.033,2.037,2.042,2.045,2.049,2.053,2.057,2.06,2.062,2.066,2.069,2.071,2.074,2.075,2.077,2.079,2.08,2.081,2.081,2.082,2.082
Norway,4.092,4.107,4.123,4.134,4.146,4.159,4.174,4.198,4.221,4.233,4.25,4.274,4.299,4.325,4.348,4.37,4.393,4.413,4.441,4.473,4.501,4.519,4.547,4.573,4.599,4.632,4.672,4.722,4.787,4.843,4.908,4.973,5.038,5.096,5.156,5.205,5.252,5.29,5.324,5.356,5.388,5.42,5.453,5.486,5.518
Oman,1.357,1.47,1.47,1.583,1.696,1.696,1.809,1.922,1.922,2.035,1.843,1.91,1.979,2.047,2.112,2.172,2.225,2.274,2.318,2.361,2.402,2.443,2.484,2.526,2.57,2.618,2.67,2.726,2.785,2.883,2.885,2.993,3.291,3.594,3.717,3.778,4.009,4.133,4.261,4.394,4.533,4.678,4.829,4.983,5.143
Pakistan,80.379,82.756,85.203,87.651,90.098,92.565,95.071,97.597,100.152,102.726,105.7,108.04,112.61,115.54,118.5,121.48,124.49,127.51,130.56,133.61,136.64,140.36,143.17,146.75,149.65,152.53,155.37,158.17,164.66,168.18,171.73,175.31,178.91,182.53,186.19,189.87,193.56,197.26,200.96,204.729,208.57,212.482,216.467,220.527,224.664
Palau,no data,no data,no data,no data,no data,no data,no data,no data,no data,no data,no data,no data,no data,no data,no data,no data,no data,no data,no data,no data,0.019,0.019,0.019,0.02,0.02,0.02,0.02,0.019,0.019,0.019,0.018,0.018,0.017,0.018,0.018,0.018,0.018,0.018,0.018,0.019,0.019,0.019,0.019,0.019,0.02
Panama,1.982,2.03,2.078,2.127,2.176,2.225,2.274,2.324,2.374,2.424,2.474,2.527,2.581,2.636,2.691,2.747,2.804,2.862,2.921,2.98,3.041,3.102,3.164,3.227,3.289,3.351,3.413,3.476,3.538,3.6,3.662,3.724,3.788,3.851,3.913,3.975,4.037,4.098,4.159,4.219,4.279,4.364,4.451,4.54,4.631
Papua New Guinea,2.96,3.04,3.11,3.18,3.25,3.33,3.4,3.35,3.45,3.6,3.758,3.875,4.181,4.288,4.401,4.52,4.64,4.761,4.883,5.006,5.13,5.256,5.384,5.515,5.647,5.781,5.917,6.056,6.196,6.339,6.684,7.047,7.431,7.593,7.756,7.92,8.085,8.254,8.426,8.601,8.781,8.964,9.151,9.342,9.537
Paraguay,3.151,3.245,3.342,3.442,3.545,3.652,3.767,3.887,4.01,4.138,4.138,4.406,4.496,4.588,4.681,4.777,4.874,4.974,5.075,5.179,5.284,5.385,5.485,5.583,5.682,5.78,5.877,5.975,6.072,6.169,6.266,6.363,6.461,6.559,6.657,6.756,6.855,6.954,7.053,7.153,7.253,7.353,7.454,7.555,7.657
Peru,17.333,17.769,18.206,18.644,19.084,19.526,19.973,20.425,20.878,21.326,21.765,22.204,22.64,23.073,23.502,23.926,24.348,24.768,25.182,25.589,25.984,26.367,26.739,27.103,27.46,27.811,28.151,28.482,28.807,29.132,29.462,29.798,30.136,30.475,30.814,31.152,31.489,31.826,32.162,32.496,32.824,33.149,33.471,33.789,34.103
Philippines,47.88,49.089,50.318,51.586,52.864,54.172,55.49,56.877,58.165,59.553,60.94,62.36,63.82,65.32,66.84,68.41,71.9,73.53,75.36,76.99,77.02,78.59,80.28,81.88,83.56,85.26,86.97,88.71,89.44,91.02,92.6,94.18,96.5,98.19,99.88,101.56,103.24,104.92,106.6,108.732,110.907,113.125,115.387,117.695,120.049
Poland,35.567,35.887,36.216,36.731,37.049,37.327,37.558,37.75,37.786,37.824,38.186,38.286,38.386,38.501,38.581,38.581,38.609,38.639,38.66,38.667,38.263,38.254,38.242,38.219,38.191,38.174,38.157,38.125,38.116,38.136,38.023,38.063,38.064,38.063,38.018,38.006,37.967,37.973,37.977,37.959,37.935,37.905,37.867,37.821,37.767
Portugal,9.766,9.851,9.912,9.958,9.996,10.024,10.033,10.03,10.02,10.005,9.983,9.96,9.953,9.965,9.992,10.026,10.064,10.109,10.16,10.218,10.29,10.363,10.42,10.459,10.484,10.503,10.522,10.543,10.558,10.568,10.573,10.558,10.515,10.457,10.401,10.358,10.326,10.3,10.287,10.273,10.258,10.239,10.218,10.195,10.172
Puerto Rico,3.203,3.229,3.257,3.286,3.317,3.349,3.382,3.417,3.454,3.492,3.528,3.551,3.575,3.6,3.627,3.655,3.685,3.716,3.748,3.782,3.811,3.819,3.824,3.826,3.827,3.821,3.805,3.783,3.761,3.74,3.722,3.679,3.634,3.593,3.535,3.474,3.411,3.3,3.267,3.202,3.154,3.106,3.062,3.02,2.984
Qatar,0.245,0.265,0.285,0.306,0.326,0.345,0.362,0.377,0.392,0.408,0.477,0.485,0.49,0.492,0.495,0.501,0.512,0.529,0.55,0.572,0.594,0.612,0.63,0.66,0.72,0.821,0.968,1.152,1.554,1.639,1.715,1.733,1.833,2.004,2.216,2.438,2.618,2.657,2.719,2.753,2.76,2.767,2.774,2.781,2.788
Romania,22.442,22.576,22.683,22.775,22.868,22.971,23.093,23.224,23.346,23.431,23.459,23.423,23.333,23.205,23.064,22.927,22.8,22.679,22.565,22.458,22.435,22.408,21.795,21.628,21.521,21.382,21.257,21.131,20.636,20.44,20.295,20.199,20.096,20.02,19.953,19.876,19.761,19.644,19.524,19.522,19.521,19.52,19.519,19.518,19.516
Russian Federation,no data,no data,no data,no data,no data,no data,no data,no data,no data,147,147.569,148.04,148.322,148.436,148.416,148.293,148.078,147.773,147.385,146.924,146.401,145.818,145.196,144.583,144.044,143.618,143.323,143.15,143.083,143.093,143.154,143.264,143.421,143.597,143.761,143.888,143.965,143.99,143.965,143.896,143.787,143.637,143.442,143.204,142.924
Rwanda,4.654,4.825,5.006,5.195,5.321,5.502,5.691,5.89,6.097,6.304,6.453,6.652,6.656,6.247,5.79,5.468,5.406,5.66,6.176,6.843,7.495,8.013,8.361,8.578,8.711,8.833,9,9.2,9.5,9.7,10,10.2,10.5,10.739,11.003,11.263,11.533,11.811,12.019,12.302,12.589,12.88,13.175,13.475,13.778
Saint Kitts and Nevis,0.043,0.043,0.043,0.043,0.042,0.042,0.042,0.041,0.041,0.041,0.041,0.041,0.041,0.042,0.042,0.043,0.043,0.044,0.044,0.045,0.045,0.046,0.047,0.047,0.048,0.049,0.049,0.05,0.05,0.051,0.051,0.052,0.053,0.053,0.054,0.054,0.055,0.055,0.056,0.057,0.057,0.058,0.058,0.059,0.059
Saint Lucia,0.116,0.118,0.12,0.121,0.123,0.125,0.127,0.129,0.13,0.133,0.134,0.136,0.138,0.139,0.142,0.145,0.147,0.15,0.152,0.154,0.156,0.158,0.159,0.161,0.162,0.164,0.166,0.168,0.17,0.165,0.166,0.167,0.169,0.171,0.172,0.173,0.174,0.176,0.177,0.178,0.179,0.18,0.181,0.182,0.183
Saint Vincent and the Grenadines,0.098,0.099,0.1,0.101,0.102,0.102,0.103,0.104,0.104,0.105,0.106,0.106,0.106,0.106,0.106,0.106,0.106,0.106,0.106,0.106,0.106,0.106,0.107,0.107,0.108,0.108,0.109,0.109,0.109,0.109,0.109,0.11,0.11,0.11,0.11,0.11,0.11,0.11,0.11,0.11,0.111,0.111,0.111,0.111,0.111
Samoa,no data,no data,no data,no data,no data,no data,no data,no data,no data,no data,no data,no data,no data,no data,no data,no data,no data,no data,0.173,0.174,0.175,0.176,0.177,0.178,0.179,0.18,0.181,0.182,0.184,0.185,0.186,0.188,0.189,0.191,0.192,0.194,0.196,0.198,0.199,0.201,0.203,0.205,0.206,0.208,0.21
San Marino,no data,no data,no data,no data,no data,no data,no data,no data,no data,no data,no data,no data,no data,no data,no data,no data,no data,no data,no data,no data,no data,no data,no data,no data,no data,no data,no data,0.03,0.03,0.031,0.031,0.032,0.032,0.032,0.033,0.033,0.033,0.033,0.033,0.034,0.034,0.034,0.034,0.034,0.034
Saudi Arabia,9.32,9.786,10.276,10.79,11.33,11.897,12.492,13.118,13.774,14.463,15.187,15.947,16.948,17.277,17.701,18.136,18.581,19.037,19.504,19.983,20.474,20.976,21.491,22.02,22.564,23.33,24.122,24.941,25.787,26.661,27.563,28.376,29.196,29.994,30.77,31.016,31.743,32.552,33.203,33.867,34.545,35.236,35.94,36.659,37.392
Senegal,5.676,5.831,5.996,6.17,6.353,6.544,6.744,6.952,7.166,7.382,7.599,7.814,8.03,8.272,8.512,8.747,8.974,9.197,9.418,9.646,9.884,10.134,10.397,10.671,10.956,11.251,11.557,11.874,12.204,12.551,12.916,13.301,13.704,14.12,14.546,14.977,15.412,15.851,16.302,16.766,17.244,17.735,18.24,18.76,19.294
Serbia,no data,no data,no data,no data,no data,no data,no data,no data,no data,no data,no data,no data,no data,no data,no data,no data,no data,7.597,7.568,7.54,7.516,7.503,7.5,7.481,7.463,7.441,7.412,7.382,7.35,7.321,7.291,7.237,7.201,7.167,7.132,7.095,7.058,7.021,6.993,6.965,6.937,6.909,6.882,6.854,6.895
Seychelles,0.063,0.064,0.064,0.064,0.065,0.065,0.066,0.068,0.069,0.069,0.07,0.07,0.071,0.072,0.074,0.075,0.076,0.077,0.079,0.08,0.081,0.081,0.083,0.083,0.082,0.083,0.085,0.085,0.087,0.087,0.09,0.087,0.088,0.09,0.091,0.093,0.094,0.094,0.095,0.096,0.097,0.098,0.099,0.1,0.101
Sierra Leone,3.469,3.554,3.628,3.714,3.735,3.809,3.894,3.98,4.065,4.16,4.221,4.246,4.24,4.216,4.193,4.185,4.192,4.214,4.261,4.343,4.465,4.633,4.841,5.072,5.301,5.51,5.693,5.853,5.997,6.136,6.279,6.426,6.574,6.724,6.939,7.092,7.248,7.408,7.571,7.737,7.907,8.081,8.259,8.441,8.626
Singapore,2.414,2.533,2.646,2.681,2.732,2.736,2.733,2.775,2.846,2.931,3.047,3.135,3.231,3.313,3.419,3.525,3.671,3.796,3.927,3.959,4.028,4.138,4.176,4.115,4.167,4.266,4.401,4.589,4.839,4.988,5.077,5.184,5.312,5.399,5.47,5.535,5.607,5.612,5.639,5.681,5.722,5.764,5.807,5.85,5.893
Slovak Republic,no data,no data,no data,no data,no data,no data,no data,no data,no data,no data,no data,no data,no data,5.337,5.367,5.397,5.408,5.379,5.388,5.393,5.399,5.379,5.379,5.375,5.372,5.373,5.373,5.373,5.376,5.382,5.39,5.392,5.404,5.411,5.416,5.421,5.426,5.435,5.443,5.451,5.459,5.467,5.474,5.482,5.49
Slovenia,no data,no data,no data,no data,no data,no data,no data,no data,no data,no data,no data,no data,1.999,1.989,1.989,1.989,1.99,1.987,1.985,1.978,1.988,1.99,1.994,1.995,1.996,1.998,2.003,2.01,2.01,2.032,2.047,2.05,2.055,2.059,2.061,2.063,2.064,2.066,2.068,2.069,2.071,2.073,2.074,2.076,2.078
Solomon Islands,0.231,0.238,0.247,0.255,0.263,0.271,0.279,0.287,0.295,0.303,0.312,0.321,0.33,0.339,0.349,0.359,0.369,0.38,0.39,0.401,0.412,0.424,0.435,0.446,0.458,0.469,0.481,0.492,0.504,0.515,0.526,0.538,0.55,0.562,0.575,0.588,0.601,0.614,0.627,0.641,0.655,0.67,0.684,0.699,0.715
South Africa,29.08,29.83,30.61,31.41,32.21,32.98,33.73,34.46,35.2,35.97,36.79,37.69,38.65,39.62,40.56,41.43,42.21,42.92,43.58,44.23,44.9,45.58,45.921,46.461,47.021,47.602,48.205,48.83,49.479,50.152,50.85,51.574,52.325,53.104,53.912,54.75,55.62,56.522,57.726,58.643,59.575,60.522,61.484,62.461,63.453
"South Sudan, Republic of",no data,no data,no data,no data,no data,no data,no data,no data,no data,no data,no data,no data,no data,no data,no data,no data,no data,no data,no data,no data,no data,no data,no data,no data,no data,no data,no data,no data,no data,no data,no data,10.449,10.818,11.177,11.531,11.882,12.231,12.585,12.976,13.378,13.793,14.22,14.661,15.115,15.886
Spain,37.656,38.014,38.217,38.397,38.55,38.686,38.798,38.888,38.971,39.048,39.117,39.221,39.35,39.473,39.579,39.672,39.764,39.869,40.008,40.215,40.554,40.766,41.424,42.196,42.859,43.663,44.361,45.236,45.983,46.368,46.562,46.736,46.766,46.593,46.455,46.41,46.399,46.408,46.449,46.656,46.866,47.077,47.28,47.473,47.655
Sri Lanka,15.557,15.767,15.965,16.152,16.325,16.486,16.649,16.815,16.984,17.155,17.33,17.54,17.741,17.929,18.098,18.247,18.372,18.477,18.571,18.669,18.782,18.913,19.059,19.215,19.373,19.525,19.67,19.811,19.946,20.075,20.198,20.315,20.425,20.585,20.771,20.966,21.203,21.444,21.688,21.934,22.184,22.436,22.691,22.949,23.209
Sudan,18.68,19.24,19.8,20.36,21.311,21.908,22.521,23.152,23.6,24.2,25.75,26.53,27.32,28.13,28.95,27.95,28.6,29.2,29.8,30.4,31.1,31.9,32.7,33.6,34.474,35.3,36.218,37.159,38.126,39.117,40.134,32.661,35.056,36.164,37.289,38.435,39.599,40.783,41.985,43.222,44.345,45.498,46.681,47.895,49.14
Suriname,no data,no data,no data,no data,no data,no data,no data,no data,no data,no data,0.408,0.414,0.419,0.426,0.431,0.437,0.442,0.449,0.454,0.461,0.467,0.474,0.479,0.484,0.493,0.499,0.504,0.51,0.517,0.524,0.531,0.54,0.542,0.55,0.559,0.567,0.576,0.583,0.591,0.598,0.605,0.613,0.62,0.627,0.635
Sweden,8.318,8.323,8.327,8.331,8.343,8.358,8.382,8.414,8.459,8.527,8.591,8.644,8.692,8.745,8.816,8.837,8.844,8.848,8.854,8.861,8.883,8.909,8.941,8.976,9.011,9.048,9.113,9.183,9.256,9.341,9.416,9.483,9.556,9.645,9.747,9.851,9.995,10.12,10.23,10.322,10.421,10.52,10.612,10.7,10.782
Switzerland,6.304,6.335,6.373,6.41,6.428,6.456,6.485,6.523,6.567,6.62,6.674,6.757,6.843,6.908,6.969,7.019,7.062,7.081,7.096,7.124,7.164,7.198,7.256,7.314,7.364,7.415,7.459,7.509,7.593,7.702,7.786,7.87,7.955,8.039,8.14,8.238,8.327,8.42,8.484,8.586,8.688,8.792,8.898,9.004,9.112
Syria,9.129,9.444,9.758,10.084,10.419,10.776,11.133,11.511,11.899,12.298,12.721,13.102,13.484,13.865,14.241,14.61,14.973,15.334,15.702,16.091,16.511,16.961,17.438,17.952,18.512,19.121,19.596,20.083,20.581,21.092,21.393,no data,no data,no data,no data,no data,no data,no data,no data,no data,no data,no data,no data,no data,no data
SÃ£o TomÃ© and PrÃ­ncipe,0.089,0.09,0.092,0.095,0.097,0.099,0.102,0.105,0.108,0.111,0.114,0.118,0.121,0.123,0.125,0.127,0.13,0.132,0.135,0.137,0.139,0.142,0.144,0.147,0.151,0.155,0.159,0.163,0.168,0.173,0.178,0.183,0.188,0.193,0.198,0.203,0.208,0.213,0.217,0.222,0.227,0.232,0.237,0.242,0.247
Taiwan Province of China,17.866,18.194,18.516,18.791,19.069,19.314,19.509,19.725,19.954,20.157,20.401,20.606,20.803,20.995,21.178,21.357,21.525,21.743,21.929,22.092,22.277,22.406,22.521,22.605,22.689,22.77,22.877,22.958,23.037,23.12,23.162,23.225,23.316,23.374,23.434,23.492,23.54,23.571,23.603,23.634,23.666,23.697,23.729,23.761,23.792
Tajikistan,no data,no data,no data,no data,no data,no data,no data,no data,no data,no data,no data,5.506,5.536,5.573,5.607,5.668,5.735,5.822,5.939,6.115,6.216,6.327,6.448,6.577,6.713,6.854,7.001,7.152,7.31,7.473,7.642,7.816,7.995,8.178,8.363,8.549,8.735,8.921,9.107,9.292,9.475,9.657,9.836,10.013,10.188
Tanzania,18.612,19.172,19.732,20.292,20.852,21.412,21.972,22.532,23.095,23.906,24.716,25.527,26.337,27.148,27.959,28.769,29.58,30.391,31.201,32.012,32.822,33.633,34.444,35.492,36.541,37.589,38.638,39.686,40.735,41.783,42.832,43.88,44.929,45.828,46.744,47.679,48.677,50.045,51.046,52.067,53.108,54.17,55.254,56.359,57.486
Thailand,46.5,47.88,48.85,49.52,50.58,51.8,52.97,53.87,54.96,55.29,56.303,56.961,57.06,57.69,58.32,58.95,59.6,60.25,60.9,61.57,62.24,62.6,62.96,63.32,63.69,64.05,64.42,64.79,65.17,65.54,65.92,66.21,66.49,66.76,67,67.24,67.46,67.65,67.793,67.913,68.016,68.101,68.169,68.222,68.26
Timor-Leste,no data,no data,no data,no data,no data,no data,no data,no data,no data,no data,no data,no data,no data,no data,no data,no data,no data,no data,no data,0.823,0.897,0.909,0.922,0.936,0.952,0.97,0.989,1.01,1.034,1.046,1.057,1.078,1.102,1.129,1.158,1.185,1.212,1.24,1.269,1.299,1.329,1.359,1.389,1.42,1.452
Togo,2.657,2.746,2.846,2.949,3.055,3.161,3.267,3.373,3.476,3.574,3.666,3.748,3.823,3.898,3.983,4.085,4.209,4.349,4.5,4.651,4.794,4.926,5.051,5.17,5.288,5.408,5.53,5.997,6.162,6.33,6.503,6.679,6.859,7.043,7.229,7.417,7.606,7.798,7.994,8.195,8.401,8.612,8.829,9.051,9.279
Tonga,0.092,0.092,0.093,0.094,0.095,0.094,0.094,0.094,0.094,0.095,0.095,0.096,0.096,0.097,0.097,0.097,0.097,0.098,0.098,0.099,0.099,0.1,0.1,0.101,0.101,0.101,0.102,0.102,0.102,0.103,0.103,0.103,0.103,0.104,0.104,0.103,0.101,0.101,0.101,0.101,0.101,0.101,0.101,0.101,0.101
Trinidad and Tobago,1.085,1.103,1.121,1.139,1.156,1.171,1.184,1.195,1.205,1.214,1.222,1.23,1.237,1.244,1.25,1.255,1.258,1.261,1.263,1.265,1.268,1.272,1.278,1.284,1.291,1.297,1.303,1.309,1.315,1.322,1.328,1.335,1.342,1.348,1.354,1.36,1.365,1.369,1.375,1.381,1.388,1.394,1.4,1.406,1.411
Tunisia,6.451,6.633,6.795,6.956,7.037,7.269,7.552,7.713,7.845,7.986,8.233,8.418,8.603,8.785,8.957,9.114,9.256,9.384,9.499,9.604,9.699,9.786,9.864,9.94,10.018,10.102,10.196,10.298,10.407,10.522,10.64,10.761,10.887,11.015,11.144,11.274,11.403,11.532,11.659,11.783,11.903,12.019,12.129,12.235,12.336
Turkey,45.272,46.314,47.382,48.461,49.532,50.582,51.606,52.607,53.588,54.554,55.511,56.457,57.394,58.328,59.259,60.184,61.106,62.023,62.912,63.818,64.73,65.603,66.402,67.187,68.01,68.861,69.73,70.586,71.517,72.561,73.723,74.724,75.627,76.668,77.696,78.741,79.815,80.811,82.004,83.023,84.04,85.048,86.055,87.051,88.031
Turkmenistan,no data,no data,no data,no data,no data,no data,no data,no data,no data,no data,no data,no data,3.975,4.015,4.119,4.212,4.293,4.361,4.421,4.475,4.528,4.578,4.627,4.675,4.724,4.775,4.83,4.887,4.946,5.008,5.087,5.174,5.268,5.366,5.466,5.565,5.642,5.71,5.77,5.972,6.031,6.091,6.152,6.214,6.276
Tuvalu,no data,no data,no data,no data,no data,no data,no data,no data,no data,no data,no data,no data,no data,no data,no data,no data,no data,no data,no data,no data,no data,no data,0.009,0.009,0.01,0.01,0.01,0.01,0.01,0.01,0.01,0.011,0.011,0.011,0.011,0.011,0.011,0.011,0.011,0.011,0.011,0.011,0.011,0.011,0.011
Uganda,11.264,11.607,11.962,12.335,12.734,13.169,13.641,14.147,14.679,15.227,15.782,16.343,16.873,17.447,18.021,18.595,19.214,19.832,20.45,21.113,21.82,22.526,23.277,24.116,24.956,25.795,26.678,27.606,28.578,29.549,30.521,31.537,32.548,33.51,34.477,35.492,36.561,37.674,38.823,40.007,41.222,42.46,43.734,45.046,46.398
Ukraine,no data,no data,no data,no data,no data,no data,no data,no data,no data,no data,51.624,51.708,51.87,51.715,51.3,50.874,50.4,49.974,49.545,49.115,48.664,48.241,47.823,47.442,47.101,46.749,46.466,46.192,45.963,45.783,45.598,45.453,45.373,45.246,42.76,42.591,42.415,42.217,42.047,41.878,41.711,41.544,41.378,41.212,41.047
United Arab Emirates,1.01,1.1,1.17,1.21,1.31,1.38,1.44,1.5,1.79,1.86,1.844,1.928,2.011,2.083,2.23,2.411,2.443,2.58,2.834,3.033,2.995,3.167,3.349,3.551,3.761,4.106,5.012,6.219,8.074,8.2,8.264,8.512,8.768,9.031,9.302,9.581,9.856,10.139,10.43,10.749,11.077,11.416,11.765,12.125,12.496
United Kingdom,56.33,56.358,56.291,56.316,56.409,56.554,56.684,56.804,56.916,57.077,57.238,57.439,57.585,57.714,57.862,58.025,58.164,58.314,58.475,58.684,58.886,59.113,59.366,59.637,59.95,60.413,60.827,61.319,61.824,62.261,62.76,63.285,63.705,64.106,64.597,65.11,65.648,66.04,66.466,66.867,67.255,67.612,67.949,68.266,68.572
United States,227.622,229.916,232.128,234.247,236.307,238.416,240.593,242.751,244.968,247.286,250.047,253.392,256.777,260.146,263.325,266.458,269.581,272.822,276.022,279.195,282.296,285.216,288.019,290.733,293.389,296.115,298.93,301.903,304.718,307.374,309.737,311.941,314.163,316.329,318.619,320.93,323.225,325.326,327.352,329.559,331.811,334.079,336.362,338.661,340.976
Uruguay,2.939,2.959,2.978,2.997,3.016,3.035,3.053,3.07,3.088,3.105,3.122,3.14,3.159,3.178,3.208,3.228,3.248,3.286,3.312,3.336,3.349,3.351,3.347,3.338,3.341,3.352,3.358,3.359,3.363,3.378,3.397,3.413,3.426,3.44,3.454,3.467,3.48,3.493,3.506,3.519,3.531,3.543,3.555,3.567,3.578
Uzbekistan,no data,no data,no data,no data,no data,no data,no data,no data,no data,no data,no data,no data,21.36,21.853,22.282,22.69,23.13,23.867,24.231,24.583,24.488,24.813,25.116,25.428,25.707,26.021,26.313,26.664,27.072,27.533,28.001,29.123,29.555,29.994,30.493,31.023,31.575,32.121,32.657,33.169,33.657,34.117,34.551,34.955,35.328
Vanuatu,0.115,0.119,0.123,0.126,0.13,0.135,0.139,0.141,0.145,0.146,0.148,0.151,0.154,0.157,0.164,0.169,0.173,0.177,0.182,0.187,0.191,0.195,0.2,0.204,0.209,0.214,0.219,0.224,0.229,0.234,0.24,0.245,0.251,0.257,0.263,0.269,0.272,0.279,0.285,0.292,0.298,0.305,0.312,0.319,0.327
Venezuela,14.952,15.41,15.868,16.316,16.773,17.241,17.45,17.888,18.336,18.784,19.411,19.879,20.347,20.815,21.283,21.751,22.219,22.676,23.13,23.593,24.394,24.803,25.212,25.622,26.033,26.445,26.858,27.273,27.689,28.106,28.524,28.944,29.365,29.786,30.206,30.62,30.714,30.491,29.187,28.067,27.131,27.131,27.131,27.131,27.131
Vietnam,54.18,55.31,56.4,57.47,58.57,59.71,60.92,62.3,63.5,64.774,66.017,67.242,68.45,69.645,70.825,71.996,73.157,74.307,75.456,76.597,77.635,78.686,79.727,80.899,82.032,82.392,83.311,84.219,85.119,86.025,86.933,87.84,88.809,89.76,90.728,91.713,92.691,93.643,94.575,95.494,96.407,97.312,98.205,99.077,99.919
Yemen,no data,no data,no data,no data,no data,no data,no data,no data,no data,no data,12.086,12.66,13.289,13.948,14.6,15.219,15.796,16.339,16.863,17.39,17.937,18.506,19.094,19.702,20.329,20.975,21.622,22.29,22.978,23.687,24.398,25.13,25.884,26.66,27.46,28.284,29.132,29.977,30.816,31.648,32.471,33.283,34.082,34.866,35.633
Zambia,5.907,6.101,6.297,6.495,6.695,6.897,7.104,7.317,7.538,7.769,8.013,8.259,8.505,8.751,9.018,9.254,9.502,9.764,10.034,10.309,10.585,10.861,11.14,11.426,11.726,12.044,12.382,12.739,13.115,13.508,13.917,14.344,14.787,15.246,15.721,16.212,16.717,17.238,17.773,18.321,18.882,19.456,20.043,20.643,21.259
Zimbabwe,7.092,7.3,7.606,7.849,8.099,8.385,8.648,8.919,9.199,9.488,9.786,10.093,10.41,10.776,11.147,11.523,11.905,11.786,11.756,11.724,11.693,11.663,11.632,11.64,11.73,11.83,12.01,12.04,12.12,12.23,12.34,12.459,13.061,13.43,13.778,14.135,14.501,14.877,15.263,15.658,16.064,16.481,16.908,17.346,17.796
Africa (Region),447.886,460.505,473.81,487.49,502.004,517.667,532.416,547.213,562.214,579.383,603.234,620.202,640.75,658.483,675.719,691.654,709.147,726.286,744.021,762.257,782.733,802.578,823.875,848.957,871.883,895.423,918.097,941.377,964.716,988.51,1013.365,1039.944,1068.036,1094.724,1121.764,1149.646,1177.158,1209.114,1238.712,1268.967,1299.745,1331.096,1363.438,1396.51,1431.725
Asia and Pacific,2433.783,2477.687,2524.581,2568.924,2614.185,2661.409,2710.492,2761.392,2811.855,2861.317,2917.37,2975.04,3078.122,3126.97,3173.612,3220.919,3269.172,3315.868,3406.875,3452.04,3495.091,3559.529,3601.783,3643.944,3685.042,3725.16,3764.862,3804.478,3847.061,3886.961,3927.302,3969.731,4011.15,4052.018,4093.207,4134.459,4176.821,4218.051,4256.921,4296.034,4334.892,4373.566,4412.003,4447.404,4483.116
Australia and New Zealand,17.928,18.182,18.456,18.681,18.907,19.162,19.43,19.715,20.038,20.322,20.595,20.895,21.109,21.317,21.542,21.826,22.092,22.313,22.535,22.77,23.014,23.303,23.595,23.889,24.16,24.473,24.837,25.262,25.756,26.198,26.546,26.922,27.354,27.774,28.195,28.632,29.137,29.619,30.097,30.58,31.062,31.544,32.025,32.506,33
Caribbean,15.663,16.037,16.344,16.666,16.956,17.276,17.589,17.901,18.169,18.478,18.815,19.103,19.412,19.736,20.068,20.463,20.777,21.089,21.404,21.711,22.016,22.313,22.606,22.902,23.193,23.482,23.763,24.041,24.321,24.589,24.861,25.137,25.413,25.691,25.961,26.227,26.489,26.746,27.011,27.275,27.539,27.803,28.067,28.33,28.592
Central America,no data,no data,no data,no data,no data,no data,no data,no data,24.035,24.603,25.183,25.756,26.328,26.924,32.06,32.773,33.476,34.181,34.881,35.585,36.173,36.942,37.636,38.332,39.034,39.737,40.456,41.155,41.858,42.563,43.295,44.016,44.745,45.477,46.211,46.948,47.69,48.441,49.202,49.975,50.76,51.583,52.421,53.274,54.141
Central Asia and the Caucasus,45.272,46.314,47.382,48.461,49.532,50.582,51.606,52.607,53.588,54.554,59.021,70.926,126.12,127.377,127.409,128.631,129.875,131.344,132.54,134.009,134.978,157.582,159.908,162.283,164.701,167.155,169.59,172.295,175.077,177.922,180.938,184.624,187.66,190.93,194.268,197.609,200.915,204.081,207.043,209.956,212.699,215.492,218.263,220.994,223.692
East Asia,1164.905,1180.477,1198.13,1213.44,1228.565,1244.969,1262.843,1282.014,1300.505,1318.441,1337.915,1354.051,1368.731,1383.365,1397.814,1411.66,1425.401,1438.8,1451.106,1462.167,1472.661,1482.341,1491.287,1499.661,1507.705,1515.656,1523.029,1530.248,1537.434,1544.191,1551.034,1558.264,1565.146,1571.996,1579.369,1586.472,1594.953,1602.442,1607.861,1612.717,1616.931,1620.531,1623.538,1623.179,1622.791
Eastern Europe ,80.198,80.728,81.238,81.903,82.359,82.765,83.134,83.456,83.603,232.283,299.534,300.354,310.926,315.937,315.163,328.071,330.87,337.424,336.204,335.086,334.077,332.481,330.581,329.148,328.035,326.851,325.895,325.097,324.176,323.72,323.119,322.483,322.216,321.997,319.349,319.042,318.607,318.125,317.611,317.163,316.67,316.127,315.53,314.879,314.242
Europe,445.493,447.388,448.64,449.865,450.744,451.784,452.946,454.04,455.409,605.771,675.481,678.545,690.805,697.368,697.755,711.637,715.363,722.772,722.385,722.275,722.668,722.512,722.576,723.227,724.264,725.589,726.791,728.381,729.912,731.356,732.355,733.528,734.808,736.05,735.097,736.718,738.109,738.998,739.684,740.958,741.826,742.545,743.154,743.655,744.128
Middle East (Region),70.917,73.629,76.356,79.301,82.344,85.478,88.812,91.551,94.491,97.419,112.192,115.189,118.707,121.559,124.849,127.902,130.719,133.709,136.76,139.747,142.61,145.926,149.294,178.782,183.257,188.246,193.737,199.413,205.911,210.671,215.295,198.472,203.419,208.533,214.914,218.726,223.746,228.417,232.847,237.199,241.5,245.777,250.026,254.344,258.718
North Africa,88.091,90.649,93.237,95.843,98.448,101.503,104.248,106.749,109.597,112.182,113.042,115.478,117.938,120.403,122.845,125.208,127.623,129.889,132.235,134.559,137.439,139.848,142.2,144.591,147.033,149.51,152.055,154.578,157.498,160.461,163.569,166.481,170.043,173.656,176.987,180.683,183.311,189.354,192.954,196.586,200.245,203.927,207.631,211.359,216.198
North America,324.656,328.922,333.07,337.065,340.981,344.938,348.977,353.069,357.257,361.691,368.272,373.56,378.809,383.999,388.967,393.867,398.712,403.61,408.38,413.05,417.65,422.128,426.569,430.883,435.068,439.291,443.673,448.322,452.977,457.548,461.672,465.601,469.516,473.352,477.26,481.088,484.961,488.633,492.351,496.155,499.878,503.591,507.304,511.013,514.72
Pacific Islands ,4.091,4.199,4.298,4.399,4.498,4.603,4.692,4.657,4.771,4.947,5.124,5.261,5.587,5.714,5.851,5.991,6.133,6.277,6.595,6.742,6.889,7.04,7.192,7.347,7.505,7.664,7.826,7.99,8.155,8.321,8.692,9.079,9.487,9.675,9.864,10.052,10.243,10.442,10.643,10.848,11.057,11.27,11.488,11.71,11.937
South America,238.462,244.098,249.436,254.721,260.127,264.712,269.781,275.01,280.248,285.433,293.149,298.622,303.939,309.231,314.445,319.536,326.796,331.835,336.958,341.943,347.28,352.133,356.787,361.288,365.752,370.131,374.528,378.84,383.173,387.533,392.117,396.323,400.522,404.686,408.881,413.115,416.974,420.497,422.816,425.273,427.823,431.267,434.62,437.933,441.205
South Asia,879.401,899.118,919.934,940.79,962.206,983.714,1005.846,1028.564,1051.358,1074.188,1097.412,1119.516,1145.311,1170.44,1194.587,1218.747,1242.93,1267.598,1292.26,1316.367,1341.88,1366.155,1389.274,1412.91,1435.609,1458.031,1480.143,1501.953,1527.265,1549.519,1571.778,1594.066,1616.341,1638.603,1660.869,1683.393,1706.2,1729.255,1752.559,1776.185,1800.137,1824.42,1849.038,1873.996,1899.3
Southeast Asia,322.186,329.398,336.38,343.153,350.477,358.38,366.075,373.835,381.595,388.866,397.303,404.391,411.263,418.756,426.409,434.064,442.741,449.537,501.839,509.985,515.669,523.109,530.527,537.855,545.362,552.181,559.438,566.729,573.374,580.81,588.314,596.777,605.162,613.041,620.642,628.3,635.373,642.211,648.718,655.748,663.006,670.31,677.65,685.018,692.398
Sub-Saharan Africa (Region) ,359.794,369.856,380.573,391.648,403.556,416.164,428.168,440.464,452.617,467.201,490.192,504.725,522.813,538.08,552.874,566.446,581.524,596.397,611.785,627.698,645.294,662.73,681.675,704.366,724.85,745.912,766.042,786.799,807.218,828.049,849.796,873.463,897.993,921.069,944.778,968.963,993.847,1019.76,1045.757,1072.381,1099.5,1127.169,1155.807,1185.151,1215.527
Western Europe,365.295,366.66,367.402,367.961,368.385,369.019,369.813,370.584,371.805,373.488,375.948,378.191,379.879,381.431,382.592,383.566,384.494,385.349,386.181,387.189,388.591,390.031,391.996,394.079,396.228,398.738,400.896,403.284,405.736,407.636,409.236,411.045,412.592,414.054,415.749,417.675,419.501,420.873,422.073,423.795,425.156,426.418,427.623,428.776,429.885
Western Hemisphere (Region),598.811,609.558,619.817,629.887,639.98,649.346,659.289,669.461,679.709,690.204,705.419,717.041,728.488,739.889,755.541,766.639,779.76,790.716,801.623,812.29,823.119,833.516,843.598,853.404,863.047,872.641,882.419,892.359,902.33,912.233,921.945,931.076,940.196,949.206,958.313,967.378,976.114,984.317,991.38,998.679,1006,1014.245,1022.412,1030.55,1038.657
ASEAN-5,309.936,316.913,323.538,329.942,336.845,344.16,351.507,358.877,366.212,373.027,380.906,387.464,393.776,400.708,407.704,414.792,422.884,429.136,435.631,441.976,446.655,453.205,459.884,466.635,473.472,479.577,486.088,492.576,498.334,504.967,511.682,519.283,526.735,533.741,540.481,547.287,553.521,559.592,565.514,571.939,578.414,584.946,591.523,598.14,604.784
Advanced economies,822.707,829.009,834.581,839.656,844.377,849.184,854.088,859.02,864.546,872.204,879.515,887.338,899.083,911.212,917.407,937.322,943.208,949.005,954.679,960.288,966.443,972.802,978.934,984.923,990.824,997.069,1003.373,1010.14,1017.07,1023.016,1028.26,1033.85,1038.769,1043.477,1048.6,1053.971,1059.442,1063.94,1068.349,1073.372,1077.864,1082.21,1086.482,1090.669,1094.815
Commonwealth of Independent States,no data,no data,no data,no data,no data,no data,no data,no data,no data,no data,no data,no data,282.825,283.12,281.779,281.471,281.057,280.816,280.253,279.893,278.938,278.393,277.84,277.443,277.18,277.088,277.228,277.586,278.422,279.31,280.224,281.949,283.154,284.394,283.358,284.645,285.873,286.999,288.032,289.149,290.059,290.963,291.803,292.571,293.281
Emerging and Developing Asia,2109.935,2148.146,2189.303,2228.091,2267.921,2309.905,2353.879,2399.685,2444.987,2489.384,2536.506,2578.358,2620.205,2663.422,2705.644,2747.362,2789.922,2830.837,2916.323,2955.916,2993.781,3030.685,3066.828,3102.197,3137.256,3171.388,3204.894,3238.019,3270.175,3302.893,3335.842,3369.785,3403.869,3437.235,3470.728,3504.216,3538.677,3572.494,3604.14,3636.046,3667.917,3699.551,3730.933,3759.292,3787.935
Emerging and Developing Europe,125.47,127.042,128.62,130.364,131.891,133.347,134.74,136.062,137.191,138.284,144.104,145.312,148.003,148.7,149.344,149.945,154.481,162.858,163.463,164.227,166.647,167.099,167.239,167.76,168.588,169.212,169.855,170.469,170.8,171.574,172.356,172.87,173.52,174.336,175.067,175.813,176.58,177.303,178.273,179.167,180.052,180.916,181.77,182.605,183.484
Emerging market and developing economies,3174.183,3239.759,3308.623,3375.812,3444.88,3516.501,3589.868,3664.637,3739.132,3961.892,4134.183,4218.679,4357.789,4433.057,4510.07,4581.535,4661.058,4740.503,4857.14,4928.477,5001.428,5093.344,5164.329,5265.56,5338.958,5412.321,5484.916,5558.299,5635.323,5709.198,5784.523,5841.434,5921.431,5999.677,6077.332,6155.571,6235.132,6317.608,6393.871,6471.166,6548.825,6627.774,6707.334,6784.601,6864.361
Euro area,300.026,301.427,302.419,303.14,303.6,304.05,304.641,305.452,306.228,307.433,308.842,310.262,311.611,313.112,314.122,314.879,315.679,316.448,318.756,319.374,320.375,321.447,322.82,324.574,326.314,328.141,329.685,331.205,333.097,334.47,335.266,334.573,335.289,336.045,337.763,338.562,339.788,340.535,341.153,342.167,342.828,343.419,343.979,344.511,345.013
European Union,432.198,433.991,435.128,436.241,437.027,437.964,439.023,439.99,441.231,444.438,451.635,454.048,460.125,466.633,467.385,481.806,482.427,483.032,483.511,484.29,485.041,485.902,486.986,488.647,490.583,492.709,494.52,496.532,498.304,499.842,500.896,502.067,503.212,504.343,505.621,507.194,508.588,509.554,510.409,511.861,512.947,513.926,514.84,515.688,516.479
Latin America and the Caribbean,343.515,351.629,359.349,367.018,374.779,381.769,389.247,396.895,404.537,412.211,424.212,432.112,439.812,447.491,459.629,467.262,476.925,484.311,491.729,498.946,506.365,513.51,520.447,527.242,533.931,540.501,547.155,553.824,560.652,567.538,574.529,581.159,587.733,594.249,600.766,607.296,613.426,619.202,623.767,628.453,633.214,638.884,644.46,649.988,655.467
Major advanced economies (G7),612.155,616.177,619.745,623.047,626.158,629.495,633.018,636.492,640.455,644.988,650.576,656.304,661.437,666.419,670.818,675.088,679.272,683.517,687.619,691.661,695.9,700.177,704.357,708.459,712.561,716.849,720.923,725.157,729.367,733.165,736.807,740.653,744.055,747.657,751.522,755.479,759.368,762.466,765.4,768.788,771.635,774.362,777.029,779.627,782.184
Middle East and North Africa,173.769,179.571,185.374,191.4,197.947,204.658,211.285,217.086,223.249,229.286,248.841,254.834,261.495,267.56,274.052,278.402,284.228,290.034,295.981,301.837,308.211,314.684,321.175,353.936,361.713,369.993,378.932,388.061,398.431,407.091,415.828,394.434,405.329,415.156,425.981,434.615,443.405,455.284,464.5,473.705,482.773,491.873,500.997,510.245,520.694
"Middle East, North Africa, Afghanistan, and Pakistan",254.148,262.326,270.578,279.051,288.045,297.223,306.357,314.682,323.4,332.012,354.541,362.874,374.105,383.1,392.552,399.882,408.718,417.544,426.541,435.447,444.851,476.273,486.548,523.802,535.381,547.383,559.933,572.848,590.385,603.275,616.361,599.452,614.936,629.418,644.929,658.222,671.621,688.074,701.48,714.944,728.343,741.868,755.493,769.315,784.415
Other advanced economies,112.613,114.144,115.692,117.068,118.324,119.461,120.568,121.761,123.098,124.395,125.794,127.362,128.774,130.141,131.56,143.355,144.786,146.057,147.233,148.313,149.57,151.129,152.093,152.952,153.85,154.762,156.022,157.381,159.069,160.547,161.741,163.099,164.463,165.696,167.023,168.336,169.707,170.863,172.089,173.335,174.607,175.861,177.115,178.369,179.637
Sub-Saharan Africa,341.114,350.616,360.773,371.288,382.245,394.256,405.647,417.312,429.017,443.001,461.928,475.612,492.84,507.224,521.122,535.613,549.955,564.138,578.832,594.048,610.846,627.384,645.427,667.116,686.621,706.749,725.85,745.553,764.889,784.607,805.211,836.22,858.218,880.045,902.485,925.38,948.955,973.537,998.178,1023.408,1049.241,1075.591,1102.874,1130.829,1159.778
World,3996.889,4068.768,4143.204,4215.467,4289.257,4365.685,4443.956,4523.657,4603.678,4834.096,5013.698,5106.018,5256.873,5344.269,5427.477,5518.857,5604.266,5689.508,5811.82,5888.765,5967.871,6066.146,6143.263,6250.483,6329.782,6409.39,6488.289,6568.439,6652.394,6732.214,6812.784,6875.284,6960.2,7043.154,7125.932,7209.542,7294.573,7381.548,7462.22,7544.538,7626.69,7709.984,7793.815,7875.27,7959.175
,,,,,,,,,,,,,,,,,,,,,,,,,,,,,,,,,,,,,,,,,,,,,
"Â©IMF, 2019",,,,,,,,,,,,,,,,,,,,,,,,,,,,,,,,,,,,,,,,,,,,,
